epoch,acc,loss
0,0.7370265169730543,0.5355748263280361
1,0.7411891364002585,0.5286363184046808
2,0.7444151667044532,0.5218963976295576
